"#","Artist","Track Title","Duration","Genre","BPM","Key","Time/Setting","Journey Role","Crowd State","Notes"
1,"DJ Tennis, Joseph Ashworth, LP Giobbi","All In A Dream feat. DJ Tennis feat. Joseph Ashworth (Extended Mix)","06:08","Melodic House & Techno","120.00","7A","","","",""
2,"Andre Nickatina","Ayo for Yayo (feat. San Quinn)","03:14","Hip-Hop/Rap","128.48","10A","","","",""
3,"Disclosure","Boiling (feat. Sinead Harnett)","03:46","Electronic","128.00","11A","","","",""
4,"Sucre Sale","Bye Bye Les Fraises feat. Sashe (Heinrichs & Hirtenfellner Remix)","07:43","Tech House","123.00","3A","","","",""
5,"Shimza, Mikhaela Faye","Calling Out Your Name (Original Mix)","07:01","Afro House","123.00","1A","","","",""
6,"Caribou","Can't Do Without You (Tale Of Us & Mano Le Tough Remix)","07:37","Electronica","128.00","8A","","","",""
7,"Monique Bingham, Black Coffee","Deep in the Bottom (of Africa)","06:33","Afro House","128.00","5A","","","",""
8,"Todd Terry, A-Trak","DJs Gotta Dance More feat. Todd Terry (Extended)","04:44","House","120.00","10A","","","",""
9,"rusowsky & Ralphie Choo","Dolores","03:38","Pop","122.00","10A","","","",""
10,"40 Thieves","Don’t Turn It Off feat. Qzen (Session Victim Extended Remix)","06:47","","124.00","8A","","","",""
11,"Climbers","Equal Responsibility (Betoko Remix)","07:36","Deep House","120.00","12A","","","",""
12,"Kaskade, deadmau5, Kx5","Escape feat. Hayla (Extended Mix)","05:14","Dance / Pop","126.00","8A","","","",""
13,"Charlotte Cardin, RUSH AVENUE","Feel Good (feat. Charlotte Cardin) [Remix] (feat. Charlotte Cardin)","03:28","Afro House","120.00","11A","","","",""
14,"Eli & Fur","Feel The Fire (Journeyman Remix)","06:27","Deep House","120.00","7A","","","",""
15,"Stereoclip","Feel The Game (Extended Remix)","05:31","Melodic House & Techno","125.00","1A","","","",""
16,"Oliver Koletzki, Jake The Rapper","Fifty Ways To Love Your Liver (Original Mix)","05:04","Deep House","105.00","8A","","","",""
17,"Midland","Final Credits (Original Mix)","07:20","House","133.00","4A","","","",""
18,"Daft Punk","Give Life Back to Music (Original Mix)","04:35","Dance / Pop","119.05","8A","","","",""
19,"Glass Animals","Gooey (Original Mix)","04:49","Dance / Pop","91.50","10A","","","",""
20,"Texture","Hit The Ground  (Extended Mix)","04:00","House","122.00","6A","","","",""
21,"Dua Lipa","Houdini (Adam Port Mix)","03:22","Dance / Pop","119.00","6A","","","",""
22,"Kaskade, deadmau5","I Remember (Original Mix)","09:07","Dance / Pop","128.00","10A","","","",""
23,"Quantic","I Won't Fade Away feat. Alice Russell (Original Mix)","03:48","UK Garage / Bassline","125.00","9A","","","",""
24,"Hana","Illusory (Extended Mix)","05:59","Melodic House & Techno","132.00","1A","","","",""
25,"Fred Falke, Elohim, Mansions on the Moon","It's A Memory (Amtrac Remix)","06:47","Electronica","124.00","2A","","","",""
26,"Dusky, Janai","It's Not Enough feat. Janai (Original Mix)","06:49","Deep House","123.00","4A","","","",""
27,"Emanuele Esposito, Gianni Romano","It's Not Right (Original Mix)","06:22","Afro House","123.00","5A","","","",""
28,"Bantwanas, Khonaye","Izolo feat. Khonaye (Lost Desert & Lee Burridge Remix)","08:24","Organic House / Downtempo","120.00","9A","","","",""
29,"The Dead Rose Music Company","Just a Bitter Love","07:55","House","109.33","6A","","","",""
30,"Sam Smith, Disclosure","Latch (Jamie Jones Remix)","06:31","Electronica","123.00","4B","","","",""
31,"Frank Ocean","Lost","03:54","Pop","123.00","6A","","","",""
32,"Joi Cardwell, Jon Dasilva, Maceo Plex","Love Somebody Else Feat. Joi Cardwell (Original Mix)","08:18","Deep House","123.00","12B","","","",""
33,"Marcus Worgull","Love Song (Original Mix)","06:27","Indie Dance","124.00","8A","","","",""
34,"CIOZ","Lucky Shot (Original Mix)","08:14","Deep House","122.00","7A","","","",""
35,"FKJ","Lying Together","04:28","","102.00","2A","","","",""
36,"Chrome Sparks","Marijuana (Original Mix)","03:01","Electronica","87.00","1A","","","",""
37,"Floyd Lavine","Masala (Pablo Fierro Remix)","06:58","Afro House","125.00","7A","","","",""
38,"Maribou State, Holly Walker","Midas feat. Holly Walker (Ben Pearce Re-Edit)","06:05","Electronica","120.00","8A","","","",""
39,"Solomun","Never Sleep Again (Keinemusik Remix)","07:12","Melodic House & Techno","120.00","6A","","","",""
40,"Justice, Tame Impala","Neverender (Extended)","06:43","Indie Dance","119.00","11A","","","",""
41,"Eli & Fur","Night Blooming Jasmine (Original Mix)","03:46","Deep House","120.00","4A","","","",""
42,"Eli & Fur","Night Blooming Jasmine (Rodriguez Jr. Remix)","06:10","Melodic House & Techno","120.00","4A","","","",""
43,"Duke Dumont","Ocean Drive (Extended Mix)","04:39","Dance / Pop","115.00","1A","","","",""
44,"Justice, Tame Impala","One Night/All Night (Original Mix)","04:36","Dance / Pop","116.13","4A","","","",""
45,"Bicep","Opal (Four Tet Remix)","08:14","Deep House","127.00","8A","","","",""
46,"Stereoclip, DIM KELLY","Preach The World (Original Mix)","05:17","Organic House / Downtempo","122.00","12A","","","",""
47,"Alex Virgo","Promiscuous [AV Edit]","05:36","","126.00","3A","","","",""
48,"Warren G","Regulate (feat. Nate Dogg)","04:08","Hip-Hop/Rap","95.41","9A","","","",""
49,"Nina Carr, Effemar","Saturday Night (Extended)","05:10","Dance / Pop","123.00","4A","","","",""
50,"Bobbi Fallon, Animalic Drum","Sell My Heart (Kreative Nativez Remix)","07:01","Afro House","123.00","11A","","","",""
51,"Ash","Sing It Back (feat. Naila) (Original Mix)","04:12","Electronica","120.00","12A","","","",""
52,"Moloko","Sing It Back (Herbert's Tasteful Dub)","05:59","House","123.42","2A","","","",""
53,"Kidnap","Skin (Rinzen Remix)","07:30","Melodic House & Techno","123.00","8A","","","",""
54,"Maverick Sabre, Jorja Smith","Slow Down (James Cole Remix)","06:58","Deep House","126.00","9A","","","",""
55,"Overmono","So U Kno (Original Mix)","05:43","Dance / Pop","130.00","4A","","","",""
56,"Royksopp","Sordid Affair (Maceo Plex Mix)","07:58","Tech House","123.00","3A","","","",""
57,"TENSHU","Stones Throw (Original Mix)","05:13","UK Garage / Bassline","126.00","8A","","","",""
58,"Stereoclip","Sunset Drive (Extended Mix)","07:13","Melodic House & Techno","125.00","5A","","","",""
59,"Verboten Berlin","Symmetry (Rodriguez Jr. Remix)","06:13","Deep House","120.50","11A","","","",""
60,"Agoria, Rami Khalife, Noémie","Teardrops (Don't Stop The Music) (Original Mix)","06:09","Melodic House & Techno","124.00","5B","","","",""
61,"Bob Moses","Tearing Me Up (Original Mix)","07:50","Dance / Electro Pop","115.00","7A","","","",""
62,"Outkast, Sleepy Brown","The Way You Move (Original Mix)","03:54","Trap / Future Bass","126.00","5A","","","",""
63,"Perrez","There's Never Been (No One Like You)(P's Sunrise Edit)","05:42","","117.72","10B","","","",""
64,"Shura","Touch (Four Tet Remix)","04:35","Electronica","122.00","8B","","","",""
65,"Radiohead","Videotape (Original Mix)","04:42","Electronica","154.77","12A","","","",""
66,"Eli & Fur","Walk The Line (Extended Mix)","04:56","Melodic House & Techno","123.00","9A","","","",""
67,"Eli & Fur","Walk The Line (Themba Extended Mix)","06:21","Melodic House & Techno","122.00","9A","","","",""
68,"Mario Basanov","We Are Child Of Love (The Mekanism Remix)","06:25","Deep House","120.00","12A","","","",""
69,"Portrait","What Can I Do","02:25","","122.00","8A","","","",""
70,"Ben Pearce","What I Might Do","03:14","Dance","122.00","5A","","","",""
71,"Shakka","When Will I See You Again (Amtrac Remix)","06:31","Nu Disco / Disco","125.00","5B","","","",""
72,"J. Koen","Where the Subtle Meets Infinity (Original Mix)","05:47","Deep House","123.00","1A","","","",""
73,"Nico de Andrea","Wish We Could feat. Syon & Darla Jade (Extended Mix)","05:26","House","120.00","3A","","","",""
